{
  "BANKNIFTY": {
    "delta_r2_per_fold": [
      -0.03976238012609801,
      -0.022694793687362713,
      -0.004093548615683229,
      -0.04929279512366325,
      -0.012896610589788748,
      0.0023791432548250224,
      0.0004991082280285664,
      -0.019599473042063442,
      -0.009499598446116586,
      -0.00040886402961315405,
      -0.0012179924012301058,
      0.08147258942513225
    ],
    "delta_ic_per_fold": [
      -0.06201627691326593,
      -0.0313578292110775,
      0.005253886944295599,
      -0.06193935304079834,
      0.005292499344181953,
      0.006282246043348892,
      0.04397150636250356,
      -0.05382853538289161,
      -0.004855797370659493,
      0.0021146322255672506,
      -0.003317396446404705,
      0.08084858205146897
    ],
    "mean_delta_r2": -0.006259601262802783,
    "mean_delta_ic": -0.00612931961614428
  },
  "HDFCBANK": {
    "delta_r2_per_fold": [
      -0.08972378013575244,
      -0.0029384438114324896,
      -0.006348199282979028,
      -0.008963258094961235,
      -0.008403509895527073,
      0.0004630753208390015,
      0.01063458374940729,
      -0.01594819656603952,
      -0.018784646961339524,
      -0.0005224750813777046,
      -0.006042915355790934,
      0.05800938701663394
    ],
    "delta_ic_per_fold": [
      -0.05531441106210473,
      -0.032728458532145205,
      0.013369181467376229,
      -0.0002021724973745309,
      -0.0025676066973645342,
      0.021678179335295773,
      0.03577682041698174,
      -0.03295124069330963,
      0.014110197757429586,
      -0.015776187777011882,
      -0.04233927432363415,
      0.1320259531967631
    ],
    "mean_delta_r2": -0.007380698258193309,
    "mean_delta_ic": 0.002923415049241813
  },
  "RELIANCE": {
    "delta_r2_per_fold": [
      -0.018743633849689356,
      -0.010684930648614754,
      -0.0016598902148317052,
      -0.04884557338969109,
      -0.003887414211793172,
      -0.02211799755010535,
      -0.022144500687422353,
      -0.0105658863939746,
      -0.09850400345238808,
      -0.013152494049581742,
      -0.015373019098041674,
      -0.014421878237618424
    ],
    "delta_ic_per_fold": [
      -0.009973912844240262,
      0.04699664921534978,
      -0.000290867070110553,
      0.0025468104961815542,
      -0.07115564495117335,
      -0.049140008783571,
      0.0094916424143823,
      -0.016850162796744665,
      -0.05199012248986188,
      -0.040308405577260904,
      -0.09236744053527467,
      -0.07133483997958737
    ],
    "mean_delta_r2": -0.023341768481979358,
    "mean_delta_ic": -0.02869802524182592
  },
  "INFY": {
    "delta_r2_per_fold": [
      -0.018978896735512896,
      0.006824360153603992,
      0.0052432385314520324,
      -0.0043273946634396765,
      0.027244619281259652,
      -0.04596016205255915,
      -0.012596123808922055,
      0.0007902367260996801,
      -0.035338009502915435,
      -0.034993829255081765,
      -0.01865302062993046,
      0.024704053718709318
    ],
    "delta_ic_per_fold": [
      -0.01961456639405755,
      0.007847697863545739,
      -0.00917014141969533,
      0.093400976251012,
      0.03617175251014905,
      0.0713216955976233,
      -0.049682138384001366,
      0.09387786892426041,
      -0.05180166185546829,
      -0.1316358391199964,
      0.10656324647623817,
      0.04290296712109061
    ],
    "mean_delta_r2": -0.00883674401976973,
    "mean_delta_ic": 0.015848488130891694
  }
}