{
  "NIFTY_ofi_1": {
    "mean": -0.006530004959497438,
    "std": 0.9999786775278303,
    "skew": 0.01306190790839251,
    "kurtosis": -2.000077367171416,
    "min": -1.0,
    "max": 1.0
  },
  "NIFTY_ofi_5": {
    "mean": -0.006400728962050783,
    "std": 0.448948081637018,
    "skew": 0.007676442363308296,
    "kurtosis": -0.4056188989536391,
    "min": -1.0,
    "max": 1.0
  },
  "NIFTY_ofi_15": {
    "mean": -0.005859245389897879,
    "std": 0.25648420764749585,
    "skew": 0.05788999586582659,
    "kurtosis": -0.2364839084910315,
    "min": -0.7744884013449118,
    "max": 0.8682641443036825
  },
  "NIFTY_ofi_30": {
    "mean": -0.00535465967505327,
    "std": 0.17710369199689746,
    "skew": 0.13807202978192698,
    "kurtosis": -0.17981036779982817,
    "min": -0.6074967997090329,
    "max": 0.556081692394919
  },
  "NIFTY_ofi_60": {
    "mean": -0.005032304582457296,
    "std": 0.1210393479938168,
    "skew": 0.26414317676758037,
    "kurtosis": -0.21348103882940483,
    "min": -0.38718748865360836,
    "max": 0.4046388917708934
  },
  "BANKNIFTY_ofi_1": {
    "mean": -0.0023970904281699454,
    "std": 0.9999971267371134,
    "skew": 0.004794789131984141,
    "kurtosis": -2.0002250211185046,
    "min": -1.0,
    "max": 1.0
  },
  "BANKNIFTY_ofi_5": {
    "mean": -0.002676256013114413,
    "std": 0.45054181026777573,
    "skew": -0.04140897296892992,
    "kurtosis": -0.4358423137745149,
    "min": -1.0,
    "max": 1.0
  },
  "BANKNIFTY_ofi_15": {
    "mean": -0.0025404868972428627,
    "std": 0.2594962395315527,
    "skew": -0.058976245323397104,
    "kurtosis": -0.2088963162485986,
    "min": -1.0,
    "max": 0.8742074259008986
  },
  "BANKNIFTY_ofi_30": {
    "mean": -0.0023761523686816662,
    "std": 0.17918148839082004,
    "skew": -0.05906893804093692,
    "kurtosis": -0.19257460004148985,
    "min": -0.6051782597481906,
    "max": 0.5541723868229477
  },
  "BANKNIFTY_ofi_60": {
    "mean": -0.0019999127280650184,
    "std": 0.12374310183953806,
    "skew": 0.03217017711885462,
    "kurtosis": -0.228897157499365,
    "min": -0.3829291597508254,
    "max": 0.40166160457800676
  },
  "HDFCBANK_ofi_1": {
    "mean": -0.0004132914531327492,
    "std": 0.9999999145880236,
    "skew": 0.0008266854768845049,
    "kurtosis": -2.0002473323228878,
    "min": -1.0,
    "max": 1.0
  },
  "HDFCBANK_ofi_5": {
    "mean": -0.00018918756202602007,
    "std": 0.44358806869714357,
    "skew": 0.0070430774401821555,
    "kurtosis": -0.4185442798710901,
    "min": -1.0,
    "max": 1.0
  },
  "HDFCBANK_ofi_15": {
    "mean": -1.3697314626689512e-05,
    "std": 0.2480747313378363,
    "skew": -0.024542602925797394,
    "kurtosis": -0.13704730023159684,
    "min": -0.8628255028544731,
    "max": 0.8646347576591565
  },
  "HDFCBANK_ofi_30": {
    "mean": 0.0005538297878431466,
    "std": 0.16859379645476247,
    "skew": 0.049787783948866855,
    "kurtosis": -0.09792119618397566,
    "min": -0.551307033421715,
    "max": 0.5362890066025657
  },
  "HDFCBANK_ofi_60": {
    "mean": 0.0009079196860944706,
    "std": 0.1126500520842713,
    "skew": 0.13820185938300814,
    "kurtosis": -0.1552614656089557,
    "min": -0.35915817980699544,
    "max": 0.3879035484262914
  },
  "RELIANCE_ofi_1": {
    "mean": -0.0075219044470160356,
    "std": 0.9999717077379621,
    "skew": 0.015046100047338636,
    "kurtosis": -2.000021583955702,
    "min": -1.0,
    "max": 1.0
  },
  "RELIANCE_ofi_5": {
    "mean": -0.007416897341535323,
    "std": 0.451588043489042,
    "skew": 0.010993368773861385,
    "kurtosis": -0.39143685573900155,
    "min": -1.0,
    "max": 1.0
  },
  "RELIANCE_ofi_15": {
    "mean": -0.007482858421438566,
    "std": 0.26854195278250675,
    "skew": 0.0029212994320510963,
    "kurtosis": -0.24204744294701275,
    "min": -0.872701488710428,
    "max": 0.8784114032470558
  },
  "RELIANCE_ofi_30": {
    "mean": -0.007631137035663677,
    "std": 0.19227142183950763,
    "skew": -0.032370104192695585,
    "kurtosis": -0.18101355137047426,
    "min": -0.6290743733852502,
    "max": 0.6469554999107906
  },
  "RELIANCE_ofi_60": {
    "mean": -0.007755305921825978,
    "std": 0.13640121791512333,
    "skew": -0.17188008301842342,
    "kurtosis": 0.18705154190542217,
    "min": -0.5208396260595319,
    "max": 0.4437132569744154
  },
  "INFY_ofi_1": {
    "mean": 0.0027277235906761448,
    "std": 0.9999962794475513,
    "skew": -0.005456143979650271,
    "kurtosis": -2.0002182402129733,
    "min": -1.0,
    "max": 1.0
  },
  "INFY_ofi_5": {
    "mean": 0.00310272410552947,
    "std": 0.45206543801337806,
    "skew": -0.006264136018981943,
    "kurtosis": -0.43477643826319534,
    "min": -1.0,
    "max": 1.0
  },
  "INFY_ofi_15": {
    "mean": 0.0038592273539174208,
    "std": 0.25822841297370036,
    "skew": -0.04252759632593407,
    "kurtosis": -0.056637465572684675,
    "min": -0.8709904528847164,
    "max": 0.8842770361190261
  },
  "INFY_ofi_30": {
    "mean": 0.004256607393569175,
    "std": 0.18491861184347316,
    "skew": -0.0479062939884456,
    "kurtosis": -0.13102504375467516,
    "min": -0.5956259870333586,
    "max": 0.6002989482031804
  },
  "INFY_ofi_60": {
    "mean": 0.004443378614170313,
    "std": 0.13071048670926638,
    "skew": -0.029399483183085467,
    "kurtosis": -0.22454118750005492,
    "min": -0.4606747377486356,
    "max": 0.4605437494566493
  }
}