{
  "BANKNIFTY": {
    "regime_summary": {
      "low_vol": 11899,
      "high_vol": 198
    },
    "conditional_ic": {
      "regime": [
        "high_vol",
        "low_vol"
      ],
      "n_obs": [
        198,
        11894
      ],
      "ic": [
        0.004462387763839947,
        -0.018790844816146297
      ],
      "ic_std": [
        0.04783846380116333,
        0.015780670911543105
      ],
      "_index": [
        "0",
        "1"
      ]
    },
    "conditional_perf": {
      "regime": [
        "high_vol",
        "low_vol"
      ],
      "n_folds": [
        11,
        12
      ],
      "n_obs": [
        179,
        10900
      ],
      "mean_ic": [
        -0.014288823569712956,
        -0.02867074794770606
      ],
      "std_ic": [
        0.19954856731884646,
        0.08685817720281443
      ],
      "mean_r2": [
        -0.47023692304834164,
        -0.04301265434297524
      ],
      "_index": [
        "0",
        "1"
      ]
    },
    "regime_counts": {
      "low_vol": 11899,
      "high_vol": 198
    }
  },
  "HDFCBANK": {
    "regime_summary": {
      "low_vol": 11895,
      "high_vol": 202
    },
    "conditional_ic": {
      "regime": [
        "high_vol",
        "low_vol"
      ],
      "n_obs": [
        202,
        11890
      ],
      "ic": [
        -0.053962599390036635,
        -0.024909785818767564
      ],
      "ic_std": [
        0.04181444342575381,
        0.016722438092525594
      ],
      "_index": [
        "0",
        "1"
      ]
    },
    "conditional_perf": {
      "regime": [
        "high_vol",
        "low_vol"
      ],
      "n_folds": [
        11,
        12
      ],
      "n_obs": [
        185,
        10894
      ],
      "mean_ic": [
        0.0764554073377603,
        0.05402053568537759
      ],
      "std_ic": [
        0.20722380478394972,
        0.09567195122680122
      ],
      "mean_r2": [
        -0.44724931199100854,
        -0.025427698785464387
      ],
      "_index": [
        "0",
        "1"
      ]
    },
    "regime_counts": {
      "low_vol": 11895,
      "high_vol": 202
    }
  },
  "RELIANCE": {
    "regime_summary": {
      "low_vol": 11884,
      "high_vol": 213
    },
    "conditional_ic": {
      "regime": [
        "high_vol",
        "low_vol"
      ],
      "n_obs": [
        213,
        11879
      ],
      "ic": [
        0.012334249284320023,
        0.0023870599404869687
      ],
      "ic_std": [
        0.07429513213496113,
        0.023688854247844067
      ],
      "_index": [
        "0",
        "1"
      ]
    },
    "conditional_perf": {
      "regime": [
        "high_vol",
        "low_vol"
      ],
      "n_folds": [
        11,
        12
      ],
      "n_obs": [
        193,
        10886
      ],
      "mean_ic": [
        -0.05068955811989868,
        -0.0019260051633422104
      ],
      "std_ic": [
        0.21003064216403508,
        0.06854379231102632
      ],
      "mean_r2": [
        -0.5590670620075437,
        -0.0570428973878219
      ],
      "_index": [
        "0",
        "1"
      ]
    },
    "regime_counts": {
      "low_vol": 11884,
      "high_vol": 213
    }
  },
  "INFY": {
    "regime_summary": {
      "low_vol": 11902,
      "high_vol": 195
    },
    "conditional_ic": {
      "regime": [
        "high_vol",
        "low_vol"
      ],
      "n_obs": [
        195,
        11897
      ],
      "ic": [
        -0.05821720406469636,
        -0.013941843285309993
      ],
      "ic_std": [
        0.02350176201454308,
        0.012399234152182068
      ],
      "_index": [
        "0",
        "1"
      ]
    },
    "conditional_perf": {
      "regime": [
        "high_vol",
        "low_vol"
      ],
      "n_folds": [
        11,
        12
      ],
      "n_obs": [
        177,
        10903
      ],
      "mean_ic": [
        0.017955058357535133,
        0.01028560992381274
      ],
      "std_ic": [
        0.2778871625330616,
        0.08442594639613882
      ],
      "mean_r2": [
        -0.6576198320032517,
        -0.03306079454267206
      ],
      "_index": [
        "0",
        "1"
      ]
    },
    "regime_counts": {
      "low_vol": 11902,
      "high_vol": 195
    }
  }
}