{
  "NIFTY": {
    "ic_matrix": {
      "1": [
        0.0031954281923113523,
        -0.004691612153693584,
        -0.009124778687071521,
        -0.00826474387906288,
        -0.017928944576872788
      ],
      "5": [
        0.001690792501402696,
        -0.016137728875129424,
        -0.028056810616768728,
        -0.012335938902943407,
        -0.031059889154501356
      ],
      "15": [
        -0.0012214172337961695,
        -0.014570089786007606,
        -0.027427712118065484,
        -0.021596682899030363,
        -0.03533973631646814
      ],
      "30": [
        0.000890321163638393,
        -0.003564580235569268,
        -0.015533435195823264,
        -0.015967880731885688,
        -0.015175564828559984
      ],
      "60": [
        0.001889917091542263,
        0.003297823235282179,
        0.010445879157401512,
        0.009476511068779255,
        0.006257522598570412
      ],
      "_index": [
        "1",
        "5",
        "15",
        "30",
        "60"
      ]
    },
    "half_lives": {
      "1": {
        "ic0": 0.0022081718882582257,
        "lam": 0.011418126208486402,
        "half_life": 60.70586083071765,
        "r_squared": 0.1520018787489319
      },
      "5": {
        "ic0": 0.01176098796968061,
        "lam": 0.017174725586886767,
        "half_life": 40.35855927090774,
        "r_squared": 0.26399033792609683
      },
      "15": {
        "ic0": 0.021349530467217576,
        "lam": 0.007905157358694117,
        "half_life": 87.6829073867353,
        "r_squared": 0.14551903474728067
      },
      "30": {
        "ic0": 0.014012631877081523,
        "lam": 0.001604693450403593,
        "half_life": 431.94990319528836,
        "r_squared": 0.011043276557660131
      },
      "60": {
        "ic0": 0.028980138729252786,
        "lam": 0.016137366600518194,
        "half_life": 42.95293016009733,
        "r_squared": 0.4376963717957121
      }
    }
  },
  "BANKNIFTY": {
    "ic_matrix": {
      "1": [
        0.001248437687846778,
        0.008773335006235365,
        -0.006452523459613399,
        -0.012913914482684257,
        -0.008197344679614424
      ],
      "5": [
        0.007930499989012232,
        -0.004712087697850774,
        -0.027448519217688684,
        -0.030965364930034225,
        -0.018191880207749506
      ],
      "15": [
        -0.010131335655958962,
        -0.02665788529270413,
        -0.03968387409824473,
        -0.06405544123696041,
        -0.021846421020437986
      ],
      "30": [
        -0.008344289150039295,
        -0.022193112208899548,
        -0.06940572600409493,
        -0.08264279668999377,
        -0.017199251630281354
      ],
      "60": [
        -0.009108499178226252,
        -0.012665622513327392,
        -0.01735860339306524,
        -0.008435777001574189,
        0.04464699451259819
      ],
      "_index": [
        "1",
        "5",
        "15",
        "30",
        "60"
      ]
    },
    "half_lives": {
      "1": {
        "ic0": 0.007352613616415044,
        "lam": 1.0000000050603651e-08,
        "half_life": 69314717.70523675,
        "r_squared": -5.168567327462625e-07
      },
      "5": {
        "ic0": 0.015000411479607683,
        "lam": 1.0000001697275931e-08,
        "half_life": 69314706.29137626,
        "r_squared": -1.713542754355757e-07
      },
      "15": {
        "ic0": 0.03206985569256227,
        "lam": 1.0000017605401298e-08,
        "half_life": 69314596.02486664,
        "r_squared": -8.281113261787709e-08
      },
      "30": {
        "ic0": 0.04174317912691634,
        "lam": 0.0021650846838157625,
        "half_life": 320.14783797663614,
        "r_squared": 0.006134363805994969
      },
      "60": {
        "ic0": 0.02201638006275489,
        "lam": 1.0000158490321483e-08,
        "half_life": 69313619.50221072,
        "r_squared": -6.999469237545242e-07
      }
    }
  },
  "HDFCBANK": {
    "ic_matrix": {
      "1": [
        -0.003544495909125808,
        -0.01979783917272404,
        -0.012825015129377039,
        -0.02153636445275708,
        -0.02423501298529129
      ],
      "5": [
        -0.012804368349046488,
        -0.023561090779685732,
        -0.019255041516471186,
        -0.04520369485896353,
        -0.051468829178030744
      ],
      "15": [
        -0.0013348094053287469,
        -0.01295559194143456,
        -0.015254300963803133,
        -0.04044832659551811,
        -0.049421296083761536
      ],
      "30": [
        -0.004442538352108272,
        -0.014124962781277466,
        -0.020058048342328803,
        -0.04727715233460707,
        -0.04865460492545283
      ],
      "60": [
        -0.007726362314395612,
        -0.01949698950798181,
        -0.03358420719597297,
        -0.05531262975280409,
        -0.07081773406565106
      ],
      "_index": [
        "1",
        "5",
        "15",
        "30",
        "60"
      ]
    },
    "half_lives": {
      "1": {
        "ic0": 0.00597051581930155,
        "lam": 1.0019185709256343e-08,
        "half_life": 69181987.50618756,
        "r_squared": -3.268751580520757e-08
      },
      "5": {
        "ic0": 0.018797978100286477,
        "lam": 0.0020334665097762584,
        "half_life": 340.8697302008736,
        "r_squared": 0.03314575924101115
      },
      "15": {
        "ic0": 0.020195325686240936,
        "lam": 1.0000000005733517e-08,
        "half_life": 69314718.01625282,
        "r_squared": -1.1123839978033345e-06
      },
      "30": {
        "ic0": 0.041955641023983935,
        "lam": 1.00000005460539e-08,
        "half_life": 69314714.27103752,
        "r_squared": -1.2316863544636902e-06
      },
      "60": {
        "ic0": 0.04891950369652935,
        "lam": 1.0000000090648308e-08,
        "half_life": 69314717.42766835,
        "r_squared": -1.1622131257382762e-06
      }
    }
  },
  "RELIANCE": {
    "ic_matrix": {
      "1": [
        -0.007637240657233125,
        0.018100852793849015,
        0.019564739276380274,
        0.004962889141392267,
        -0.002640240428687041
      ],
      "5": [
        0.016873114477874138,
        0.03199447478505529,
        0.041403941952227775,
        -0.0012481095047717622,
        -0.0028889782012042737
      ],
      "15": [
        0.024463563489722714,
        0.044845960130381377,
        0.02979756675652567,
        -0.03669655458361367,
        -0.022104285478791577
      ],
      "30": [
        0.010001241241431877,
        0.01079291188152403,
        -0.026513259331147204,
        -0.06079506226612893,
        -0.04863729033572797
      ],
      "60": [
        -0.001214238525807739,
        -0.008316646126274394,
        -0.02868633856251517,
        -0.05369438839538674,
        -0.04497340547048642
      ],
      "_index": [
        "1",
        "5",
        "15",
        "30",
        "60"
      ]
    },
    "half_lives": {
      "1": {
        "ic0": 0.016339509399889027,
        "lam": 0.015165852815849777,
        "half_life": 45.70446442916416,
        "r_squared": 0.2637299967943061
      },
      "5": {
        "ic0": 0.031121483565344818,
        "lam": 0.01591651742400351,
        "half_life": 43.54892229845571,
        "r_squared": 0.29545522461990015
      },
      "15": {
        "ic0": 0.029679744889028366,
        "lam": 0.0007503072836655235,
        "half_life": 923.8177419439,
        "r_squared": 0.004387415010723927
      },
      "30": {
        "ic0": 0.031479403488765344,
        "lam": 1.0000000640171931e-08,
        "half_life": 69314713.61866112,
        "r_squared": -4.4384603747893436e-07
      },
      "60": {
        "ic0": 0.024248841706662295,
        "lam": 1.0000000331693766e-08,
        "half_life": 69314715.75686862,
        "r_squared": -4.5080937982611147e-07
      }
    }
  },
  "INFY": {
    "ic_matrix": {
      "1": [
        0.011416169452661488,
        -0.010632009005200609,
        -0.006256585588941381,
        -0.00011957098859505771,
        -0.006413120456591208
      ],